21,68,,,,,,,,,,,,,,,,,,
36,568,MANZANA 20,94100,CENTENARIO, A 2 CUADRAS DE LA ESCUELA BACHILLERES DE HAUTUSCO,HUATUSCO,LOTE 5,,,MANZAN 21,LOTE 6,,VERACRUZ DE IGNACIO DE LA LLAVE,HUATUSCO,7,2,2,2,
42,428,Bosques de Canada,66250,Bosques del Valle,a 100 Metros de la Avenida José Vasconcelos y Calzada San Pedro detrás del Colegio Franco Mexicano y a 200 mts al Norte de la Iglesia de nuestra señora de Fátima,San Pedro Garza Garcia,103,L,4,Bosques de Siberia,José Vasconcelos,José Vasconcelos,NUEVO LEON,SAN PEDRO GARZA GARCÍA,7,5,5,3,3
73,1039,Carretera Federal Xalapa-Veracruz Km 15,91640,91640,"En el primer retorno a Xalapa-Veracruz, regradar a Xalapa. pasar la Editora del Gobierno del Estado y a 250 metros esta el jardin de eventos palmeros, seguir por la barda por la tiendita miradores 2 y al final dar vuelta a la izquierda y ahi esta Coralium, S.A. de C.V.",MIRADORES DEL MAR,Parcela 123 Z1 P/4,,,Primer Retorno a xalapa,,Antiguo Camino a la barranca,VERACRUZ DE IGNACIO DE LA LLAVE,EMILIANO ZAPATA,13,9,9,8,
79,1166,,,,,,,,,,,,,,,,,,
121,1705,,,,,,,,,,,,,,,,,,
134,1933,,,,"Dirección de desarrollo Rural del Municipio de Chihuahua
Calle Cuarta y Ochoa #3610 Colonia Santa Rosa, Chihuahua, Chihuahua",,,,,,,,,,,,,,
139,1977,,,,,,,,,,,,,,,,,,
153,2308,,,,,,,,,,,,,,,,,,
156,2330,,,,,,,,,,,,,,,,,,
186,2456,ALFA,66418,SAN NICOLAS DE LOS GARZA,SE ENCUENTRA UBICADO A TRES CUADRAS DE AVENIDA SENDERO Y DEL CENTRO COMERCIAL CENDERO NORTE.,SAN NICOLAS,121,,,ALFA,MORENITA MIA,BETA,NUEVO LEON,SAN NICOLÁS DE LOS GARZA,5,5,3,5,5
210,2737,,,,,,,,,,,,,,,,,,
235,3273,,,,,,,,,,,,,,,,,,
249,3131,,,,,,,,,,,,,,,,,,
267,3553,,,,,,,,,,,,,,,,,,
283,3528,INSURGENTES,11800,ESCANDON,ES UN HOTEL DE NEGOCIOS LLAMADO FIESTA INN ,D.F.,553,,,DE LA PIEDAD,INSURGENTES,INGENIEROS,DISTRITO FEDERAL,BENITO JUÁREZ,7,3,23,3,5
296,3928,,,,,,,,,,,,,,,,,,
309,3942,,,,,,,,,,,,,,,,,,
329,4204,Villanueva-Zacatecas,98170,Cieneguillas,"Se encuentra ubicado en la localidad de Cieneguillas Zacatecas, sobre la carretera 54 de Villanueva – Zacatecas. ",Cieneguillas,,,,estación de gas san marcos,,,ZACATECAS,ZACATECAS,22,9,22,,
398,4461,LOMAS DE TAXCO,40210,LOMAS DE TAXCO,SALON DE CONFERENCIA UBICADO EN EL HOTEL MONTETAXCO,,S/N,,,,,,GUERRERO,TAXCO DE ALARCÓN,16,5,,,
399,4465,CARRETERA MEXICO ACAPULCO,39010,CARRETERA MEXICO ACAPULCO,"SALON DE CONFERENCIA UBICADO EN EL HOTEL PARADOR MARQUES, EL CUAL ESTA EN LA ENTRADA DE LA CARRETERA ACAPULCO-CHILPANCINGO.",,KM 276.5,,,MEXICO ACAPULCO,,,GUERRERO,CHILPANCINGO DE LOS BRAVO,7,5,9,,
400,4467,CONOCIDO,41180,MARTIR DE CHILAPAN,"SERA DENTRO DE LAS INSTALACIONES DE LA PRESIDENCIA MUNICIPAL, UBICADAS EN EL CENTRO DEL MUNICIPIO MARTIR DE CUILAPAN",,S/N,,,CENTRO,,,GUERRERO,MÁRTIR DE CUILAPAN,22,5,5,,
403,4391,,,,,,,,,,,,,,,,,,
421,4469,DE LAS NACIONES,39900,ZONA DIAMANTE,AUDITORIO PARA CONFERENCIAS UBICADO DENTRO DEL FORUM MUNDO IMPERIAL FRENTE A LA CRUZ ROJA DIAMANTE,,S/N,,,BARRA VIEJA,,,GUERRERO,ACAPULCO DE JUÁREZ,7,4,4,,
422,4471,PRESIDENCIA MUNICIPAL,41700,PLAZA CENTRAL,SALA DE CAPACITACION UBICADO EN LAS OFICINAS DE LA PRESIDENCIA MUNICIPAL QUE ESTAN EN LA PLAZA CENTRAL DEL MUNICIPIO.,,S/N,,,CENTRO DEL MUNICIPIO,,,GUERRERO,OMETEPEC,7,5,5,,
565,5095,,,,,,,,,,,,,,,,,,
606,5281,38,97115,Montes de Ame,Local de color blanco y se encuentra un negocio de ropa junto al local,Montes de Ame,295,,,81-A,81,40,YUCATAN,MÉRIDA,7,5,5,5,5
691,5523,,,,,,,,,,,,,,,,,,
878,6062,,,,,,,,,,,,,,,,,,
880,6099,,,,,,,,,,,,,,,,,,
901,6105,,,,,,,,,,,,,,,,,,
903,6117,PARQUE INDUSTRIAL DE LOS AZTECAS,32670,PARQUE INDUSTRIAL DE LOS AZTECAS ,SE ENCUENTRA EN CIUDAD JUAREZ DENTRO DEL PARQUE INDUSTRIAL DE LOS AZTECAS ,JUAREZ,2220,,,CALENDARIO CERVANTES ,CFE,GRANJAS DE CHAPULTEPEC,CHIHUAHUA,JUÁREZ,19,3,5,6,5
904,6126,Ave. Antonio J. Bermudez,32470,Antonio J. Bermudez,Ubicada frente al semáforo de la calle Fresnel. Colindante a los terrenos del ex-galgodromo.,,731,,,Fresnel,Vicente Guerrero,Farenheit,CHIHUAHUA,JUÁREZ,19,3,5,3,5
906,6153,,,,,,,,,,,,,,,,,,
913,6433,,,,,,,,,,,,,,,,,,
916,6644,,,,"Municipios de Xochistlahuaca y Tlacoachistlahuaca, Guerrero",,,,,,,,,,,,,,
923,6417,,,,,,,,,,,,,,,,,,
924,6443,C.53 diagonal,97302,REAL MONTEJO,Unidad de Negocios de la Universidad Tec Milenio Campus Merida,,S/N,,,74,72,,YUCATAN,MÉRIDA,16,9,5,5,
925,6448,MEXICO CUAUTLA,56641,"LA CANDELARIA, TLAPALA","CARRETERA MEXICO CUAUTLA, LA CANDELARIA TLAPALA, CHALCO ESTADO DE MEXICO",CHALCO,S/N,,,CHALCO SAN MATEO TEZOQUIPAN MIRAFLORES,IXTAPALUCA AMECA,CAMINO REAL A TLAPALA,MEXICO,CHALCO,7,9,9,9,8
927,6675,,,,,,,,,,,,,,,,,,
928,6706,,,,,,,,,,,,,,,,,,
931,7334,,,,,,,,,,,,,,,,,,
932,7397,RIVA PALACIO,39195,RESTAURANT POZOLERIA RUTH,EL INMUEBLE SE ENCUENTRA EN EL BARRIO DEL SANTUARIO ENTRE LAS CALLES OBREGON Y MORELOS.,TIXTLA,18,,,OBREGON,MORELOS,5 DE MAYO,GUERRERO,,5,5,5,5,5
934,7502,,,,,,,,,,,,,,,,,,
935,7504,,,,,,,,,,,,,,,,,,
936,7507,,,,,,,,,,,,,,,,,,
938,7649,,,,,,,,,,,,,,,,,,
941,6848,ADOLFO LOPEZ MATEOS,90590,CENTRO,CENTRO DE LA LOCALIDAD DE LA CABECERA MUNICIPAL DEL MUNICIPIO ZITLALTEPEC DE LA TRINIDAD SANCHEZ SANTOS,,S/N,,,3 SUR,INDEPENDENCIA,BENITO JUAREZ,TLAXCALA,ZILTLALTÉPEC DE TRINIDAD SÁNCHEZ SANTOS,7,5,5,5,5
944,6954,PARQUE INDUSTRIAL DE LOS AZTECAS,32670,PARQUE IND DE LOS AZTECAS,"Se encuentra en Cd. Juárez, dentro del Parque Industrial de los Aztecas ",JUAREZ,2220,,,CANDELARIO CERVANTES,CFE,GRANJAS DE CHAPULTPEC,CHIHUAHUA,JUÁREZ,19,3,5,6,5
945,7043,verduzco,60460,tancitaro,CENTRO TANCITARO,tancitaro,47,,,NICOLAS BRAVO,DOMINGUEZ,Verduzco,MICHOACAN DE OCAMPO,TANCÍTARO,7,5,5,5,20
946,7045,ROBERTO POSADA Y COMONFORT,39300,ACAPULCO DE JUAREAZ,El Polígono Simón Bolivar se encuentra cera al centro de la Ciudad de Aacapulco.,ACAPULCO,2,,,PROGRESO,LERDO DE TEJADA,INDEPENDENCIA,GUERRERO,ACAPULCO DE JUÁREZ,5,5,5,5,5
947,7047,ROBERTO POSADA Y COMONFORT,39300,ACAPULCO DE JUAREZ,LOS POLIGONOS A ATENDER SE ENCUENTRAN ALREDEDOR DEL CENTRO DE ACAPULCO.,ACAPULCO,2,,,PROGRESO,LERDO DE TEJADA,INDEPENDENCIA,GUERRERO,ACAPULCO DE JUÁREZ,5,5,5,,5
948,7063,,,,,,,,,,,,,,,,,,
950,7263,Juarez,34700,La Noria,Detras de la primaria J. Agutin castro,Guadalupe Victoria,401,,,Aquiles Serdan,Matamoros,Martires de Chicago,DURANGO,GUADALUPE VICTORIA,3,3,5,5,3
954,7472,LA PAZ-PICHILINGUE KM. 3.5,23010,LA PAZ ,"CARRETERA LA PAZ- PICHILINGUE KM. 3.5, SUBIENDO EL CERRO DE LA CALAVERA EN EL PRIMER RETORNO A LA IZQUIERDA Y LUEGO A LA DERECHA ",003,,,,,,,BAJA CALIFORNIA SUR,LA PAZ,5,9,,,
961,7723,,,,,,,,,,,,,,,,,,
962,7725,Mexico-Cuautla,56641,"La Candelaria, Tlapala","Carretera Federal México Cuautla s/n, Colonia la candelaria, Tlapala",,s/n,,,Chalco San mateo Tezoquiapan,Ixtapaluca - Amecameca de Juárez,Camino real a tlapala,MEXICO,CHALCO,7,9,9,9,8
963,8016,,,,,,,,,,,,,,,,,,
981,7745,,,,,,,,,,,,,,,,,,
982,7749,,,,,,,,,,,,,,,,,,
1001,8138,,,,,,,,,,,,,,,,,,
1022,8416,,,,,,,,,,,,,,,,,,
1023,8429,,,,,,,,,,,,,,,,,,
1024,8437,MADERO NORTE,87000,CENTRO,"A 2 CUADRAS DEL PALACIO DE GOBIERNO ESTATAL, LUGAR DONDE SE ENCUENTRAN LAS OFICINAS DEL C. GOBERNADOR",Ciudad Victoria,102,,,HIDALGO,MORELOS,PINO SUAREZ,TAMAULIPAS,VICTORIA,7,5,5,5,5
1027,8522,,,,,,,,,,,,,,,,,,
1041,8559,,,,,,,,,,,,,,,,,,
1061,8629,RAYON,98920,PINOS,A UNA CUADRA DE BANCOMER,,,,,GARCIA DE LA CADENA,CONSTITUCION,GONZALES ORTEGA,ZACATECAS,PINOS,22,5,5,5,5
1062,8794,,,,,,,,,,,,,,,,,,
1065,8972,,,,,,,,,,,,,,,,,,
1066,9019,,,,,,,,,,,,,,,,,,
1067,9035,GONZALEZ ORTEGA,98000,CENTRO,A UN COSTADO DE PLAZA FUTURA Y DE LA ESTACIÓN DEL FERROCARRIL,ZACATECAS,901,,3,ADOLFO LOPEZ MATEOS,LA ESTACION,LA UNION,ZACATECAS,ZACATECAS,7,3,4,3,3
1069,9063,REFORMA,93400,PAPANTLA,SE ENCUENTRA UBICADO A UN COSTADO DEL PARQUE ISRAEL C. TELLEZ.,PAPANTLA,100,,,16 DE SEPTIEMBRE,REFORMA,ARTES,VERACRUZ DE IGNACIO DE LA LLAVE,PAPANTLA,5,5,5,5,5
1070,9068,,,,,,,,,,,,,,,,,,
1071,9075,,,,,,,,,,,,,,,,,,
1073,9084,,,,,,,,,,,,,,,,,,
1076,9113,,,,,,,,,,,,,,,,,,
1077,9120,Año de Juarez,09070,Granjas San Antonio Iztapalapa,"La Asociacion de Empresarios de Iztapalapa, fundada desde 1968, nos renta sus salones para realizar eventos empresariales. Hemos realizado varios encuentros de negocios con ellos y su servicio nos garantiza crear un ambiente adecuado para los negocios. Tenemos una alianza para realizar con ellos nuestros encuentros de negocios y generar oportunidades para los asistentes. Las Relaciones con la Delegacion Iztapalapa nos facilitan atraer empresarios que deseen mejorar la competitividad de su empresa. Cuenta con dos salones con capacidad para 100 y 50 empresarios respectivamente, que son muy adecuados para generar dinámicas de negocio, con prestigio, profesionalismo, experiencia, que nos ayude a impulsar a los empresarios.",Iztapalapa,380,,,Calle 12,Calle 10,Eje 3 Oriente (Avenida Cinco) ,DISTRITO FEDERAL,IZTAPALAPA,7,3,5,5,16
1080,9167,,,,"El municipio se encuentra sobre la cordillera de la sierra Cuicateca, palabra de origen Mixteco. 

Limita es al norte limita con el municipio de Santa Ana Cuauhtémoc, al sur con la agencia municipal de San Isidro Buenos Aires, al oriente con el municipio de San Miguel Santa Flor y al poniente con el municipio de Mazatlán Villa de Flores y Río Grande o Río de las vueltas. 
Se puede llegar a Cuyamecalco Villa de Zaragoza, a traves de la antigua carretera México-Oaxaca, a 3 horas de Tehuacan Puebla, se encuentra una desviación a traves del pueblo de Quotepec Oaxaca, despues se toma una carretera de terraceria de 3 horas hacia la montañas y finalmente llegar a Cuyamecalco Villa de Zaragoza Oaxaca.",Cuyamecalco,,,,calle principal de Cuyamecalco,Calle del Municipio,,OAXACA,CUYAMECALCO VILLA DE ZARAGOZA,22,,5,5,
1081,8650,TECNOLOGICO,31120,SANTO NIÑO,A UN COSTADO DE LA SECRETARIA DE ECONOMIA DEL GOBIERNO DEL ESTADO ,CHIHUAHUA,S/N,,,ESCUDERO,CORREGIDORA,DE LAS INDUSTRIAS,CHIHUAHUA,CHIHUAHUA,7,3,5,5,3
1102,8879,,,,,,,,,,,,,,,,,,
1103,8917,,,,,,,,,,,,,,,,,,
1121,9138,,,,,,,,,,,,,,,,,,
1122,9184,,,,,,,,,,,,,,,,,,
1123,9197,JUAREZ,92800,CENTRO ,SOBRE AVENIDA PRINCIPAL,TUXPAN,20,,,MORELOS,GARIZURIETA,GONZALEZ ORTEGA,VERACRUZ DE IGNACIO DE LA LLAVE,TUXPAN,7,3,5,5,5
1127,9256,,,,,,,,,,,,,,,,,,
1141,9204,,,,,,,,,,,,,,,,,,
1142,9261,CARRETERA CANCUN -CHETUMAL,77566,AEROPUERTO INTERNACIONAL DE CANCUN ,"Cancún Aeropuerto. Dirección: Carretera Cancun-Chetumal Km 22, Benito Juarez, Edo. de Quintana Roo, CP 77566 Cancun, Quintana Roo, MEXICO ",CANCUN ,KM 22,,,COLOSIO,FEDERAL CANCUN CHETUMAL,AEROPUERTO,QUINTANA ROO,BENITO JUÁREZ,1,4,4,9,9
1144,9282,,,,,,,,,,,,,,,,,,
1162,9355,,,,,,,,,,,,,,,,,,
1163,9363,,,,,,,,,,,,,,,,,,
1164,9374,,,,,,,,,,,,,,,,,,
1166,9395,,,,,,,,,,,,,,,,,,
1167,9397,,,,,,,,,,,,,,,,,,
1168,9420,,,,,,,,,,,,,,,,,,
1181,9334,,,,,,,,,,,,,,,,,,
1201,9464,,,,,,,,,,,,,,,,,,
1202,9468,,,CENTRO,,,,,,,,,,,5,,,,
1203,9471,,,,,,,,,,,,,,,,,,
1206,9491,,,,,,,,,,,,,,,,,,
1207,9493,,,,,,,,,,,,,,,,,,
1208,9500,,,,,,,,,,,,,,,,,,
1209,9545,,,,,,,,,,,,,,,,,,
1210,9547,,,,,,,,,,,,,,,,,,
1211,9553,,,,,,,,,,,,,,,,,,
1213,9557,,,,,,,,,,,,,,,,,,
1221,9446,,,,,,,,,,,,,,,,,,
1222,9451,,,,,,,,,,,,,,,,,,
1227,9629,,,,,,,,,,,,,,,,,,
1230,9675,,,,,,,,,,,,,,,,,,
1261,9704,,,,,,,,,,,,,,,,,,
1281,9723,,,,,,,,,,,,,,,,,,
1282,9726,,,,,,,,,,,,,,,,,,
1283,9730,Mexico-Cuautla,56641,"La Candelaria, Tlapala","Carretera Federal México Cuautla s/n, Colonia la candelaria, Tlapala, Municipio de Chalco",CHALCO,s/n,,,Chalco San mateo Tezoquiapan,Ixtapaluca - Amecameca de Juárez,Camino real a tlapala,MEXICO,CHALCO,7,9,9,9,8
1287,9769,,,,,,,,,,,,,,,,,,
1301,9750,,,,,,,,,,,,,,,,,,
1302,9822,,,,,,,,,,,,,,,,,,
1303,9833,,,,,,,,,,,,,,,,,,
1304,9837,,,,,,,,,,,,,,,,,,
1305,9839,,,,,,,,,,,,,,,,,,
1306,9942,,,,,,,,,,,,,,,,,,
1307,9958,Vía Atlixcayotl,72810,Concepción la Cruz,CENTRO CULTURAL UNIVERTARIO,SAN ANDRES CHOLULA,2499,,Edificio Sur 1,CUMULO DE VIRGO,PERIFÉRICO ECOLOGICO,11 SUR,PUEBLA,,7,4,5,5,3
1309,9969,,,,,,,,,,,,,,,,,,
1310,10021,,,,,,,,,,,,,,,,,,
1311,10040,,,,"El proyecto se ubica en el estado de Chiapas. La cobertura comprende 5 municipios que se encuentran dentro de la Cruzada Nacional contra el Hambre: Villaflores, Ocozocoautla, Venustiano Carranza, Chiapa de Corzo y la Concordia; por otro lado, también tendrá influencia en 3 municipios fuera de dicho Programa: Jiquipilas, Suchiapa y el Parral. La ubicación detallada, se muestra en documento anexo No 1.",,,,,,,,,,,,,,
1312,10062,Rayon,98920,Pinos,Lugar Casa de la Cultura a una cuadra de la Presidencia Municipal.,,,,,García de la Cadena,Constitución,Gonzalez Ortega,ZACATECAS,PINOS,22,5,5,5,5
1317,10198,,,,,,,,,,,,,,,,,,
1318,10200,,,,,,,,,,,,,,,,,,
1319,10222,,,,,,,,,,,,,,,,,,
1320,10224,VICENTE GUERRERO,40000,CENTRO,SALON DEL AYUNTAMIENTO DEL MUNICIPIO DE IGUALA DE LA INDEPENDENCIA,IGUALA DE LA INDEPENDENCIA,1,,,ALARCON,BANDERA NACIONAL,,GUERRERO,IGUALA DE LA INDEPENDENCIA,7,3,5,5,
1341,9862,,,,,,,,,,,,,,,,,,
1363,9903,,,,,,,,,,,,,,,,,,
1364,9915,,,,,,,,,,,,,,,,,,
1368,10016,RÍO YAQUI,72757,MANATIALES,"ENTRANDO POR LA AVENIDA FORJADORES A MANO DERECHA EN SENTIDO CD DE PUEBLA SAN PEDRO CHOLULA, ANTE DE LLEGAR AL PERIFÉRICO ECOLÓGICO ",,116,NAVE C,,RÍO PAPALOAPAN,FCO. I. MADERO,JUAREZ PONIENTE,PUEBLA,SAN PEDRO CHOLULA,7,5,5,5,5
1369,10057,,,,,,,,,,,,,,,,,,
1370,10059,,,,,,,,,,,,,,,,,,
1371,10120,,,,,,,,,,,,,,,,,,
1372,10126,GONZALEZ,,CENTRO,ESQUINA,MATAMOROS,46,,,CUAHUTEMOC,,,DURANGO,,7,5,3,,
1375,10135,GUILLERMO PRIETO,74320,SAN GREGORIO ATZOMPA,EN EL CAMINO DE CHIPILO A SAN GREGORIO ATZOMPA,SAN GREGORIO ATZOMPA,1,,,ALLENDE,MEXICO,,PUEBLA,SAN GREGORIO ATZOMPA,7,5,5,5,
1376,10138,23 SUR,72400,LA NORIA,AUN COSTADO DE LA PLAZA LA NORIA Y DEL SAM´S LA NORIA,PUEBLA,3702 B,101,,23 SUR,21 SUR,41 PONIENTE,PUEBLA,PUEBLA,7,20,5,5,5
1377,10140,12 sur,72590,BOSQUES DEL SUR,SOBRE LA CALLE 12 SUR PASANDO EL PERIFÉRICO ECOLOGICO,PUEBLA,11528,casa 6,,MIGUEL HIDALGO,JOSÉ MARÍA MORELOS Y PAVON,14 SUR,PUEBLA,PUEBLA,7,5,5,5,5
1378,10144,,,,,,,,,,,,,,,,,,
1379,10156,,,,,,,,,,,,,,5,,,,
1380,10159,,,,,,,,,,,,,,,,,,
1381,10162,,,,"El proyecto se encuentra localizado a un costado de la carretera al Campo 35, paralelo al canal 18+400 en el municipio de Ahome, La empresa se ubica a 8 Km  del entronque con la Carretera Internacional México 15, y se encuentra ubicada entre el Campo La Arrocera y Cerrillos (Campo 35)",,,,,,,,,,,,,,
1382,10168,,,,,,,,,,,,,,,,,,
1385,10212,,,,,,,,,,,,,,,,,,
1386,10215,,,,,,,,,,,,,,,,,,
1387,10243,JOSE VASCONCELOS,27276,RESIDENCIAL TECNOLOGICO,A UN COSTADO DEL HOTEL HOMEWOOD SUITES BY HILTON. FRENTE AL AUDITORIO SANTIAGO GARZA DE LA MORA DEL ITESM UL. LAS OFICINAS ESTAN A UN COSTADO DE LA PLAZA INTERMALL.,TORREON,1955,,,PASEO DEL TECNOLOGICO,PASEO SANTA MARIA,DIVISION DEL NORTE,COAHUILA DE ZARAGOZA,TORREÓN,7,3,3,3,7
1388,10245,CARRETERA SANTA FE,27400,SANTA FE,LA UBICACION ES EN EL ANGULO RESULTANTE DEL ENTRONQUE DE LA CALLE OBSIDIANA Y LA CARRETEA A SANTA FE,TORREON,SN KM 3.5,,,CARRETERA SANTA FE,CARRETERA SANTA FE,,COAHUILA DE ZARAGOZA,TORREÓN,13,9,9,21,
1389,10252,CARRETERA SANTA FE,27400,SANTA FE,SE UBICA EN LA CONFLUENCIA DE LA CARRETERA Y EL BOULEVARD OBSIDIANA A ESPALDAS DEL ENTRONQUE,TORREON,SN KM 3.5,,,CARRETERA SANTA FE,OBSIDIANA,,COAHUILA DE ZARAGOZA,TORREÓN,13,9,9,4,
1390,10277,ADOLFO AYMES,27019,,"Ubicado en la zona industrial de Torreón, atras de la empresa SIMSA",,250,,,PRAXEDIS DE LA PEÑA,LUIS F.GARCIA,JUAN F BRITTINGHAM,COAHUILA DE ZARAGOZA,TORREÓN,6,5,5,5,5
1391,10280,,,,,,,,,,,,,,,,,,
1392,10342,,,,,,,,,,,,,,,,,,
1394,10347,,,,,,,,,,,,,,,,,,
1395,10349,,,,,,,,,,,,,,,,,,
1396,10351,conocido coahuayutla,40860,coahuayutla,al final de la localidad se encuentra el palacio,coahuayutla,sn,sn,,conocido sn,conocido sn,,GUERRERO,COAHUAYUTLA DE JOSÉ MARÍA IZAZAGA,22,5,5,5,
1397,10381,,,,,,,,,,,,,,,,,,
1399,10390,,,,,,,,,,,,,,,,,,
1400,10397,,,,,,,,,,,,,,,,,,
1401,10235,,,,,,,,,,,,,,,,,,
1403,10292,,,,,,,,,,,,,,,,,,
1404,10295,,,,,,,,,,,,,,,,,,
1405,10298,Tonalá,06700,Roma Norte,"Se encuentra esquina Tonalá y Guanajuato, la fachada es color rosa muy característica. Se encuentra a dos cuadras de la Av. Álvaro Obregón. ",,109,,,Guanajuato,Jalapa,Monterrey,DISTRITO FEDERAL,CUAUHTÉMOC,7,5,5,5,3
1406,10300,,,,,,,,,,,,,,,,,,
1410,10323,MOTOLINIA,62000,CENTRO ,DOMICILIO CONOCIDO COMO AYUNTAMIENTO DE CUERNAVACA (HOTEL PAPAGAYO),,2,,,MORELOS,GALEANA,NEZAHUALCOYOTL,MORELOS,CUERNAVACA,7,5,5,,5
1412,10330,,,,,,,,,dos,,,,,,,16,,
1415,10408,ANTONIO ROCHA CORDERO,78295,DESARROLLO DEL PEDREGAL,TORRE CORPORATIVA DEL CENTRO DE CONVENCIONES,"SAN ISIDRO TAPAXAL, TAMPATE, EL AGUACATE, EL MAY, SANTA ROSA, TAMALETON TERCERA SECCION",125,,,LIBRAMIENTO SUR ANILLO PEDREGAL,DESARROLLO DEL PEDREGAL,PARQUE CHAPULTEPEC,SAN LUIS POTOSI,SAN LUIS POTOSÍ,7,4,19,19,19
1416,10413,CANCÚN,77500,FRACCIONAMIENTO DEL SOL,"SOBRE AVENIDA PRINCIPAL, CERCA DEL HOTEL CANCÚN",BENITO JUAREZ,S/N,,,CANCÚN-CHETUMAL,BONAMPAK,CANCÚN-VALLADOLID,QUINTANA ROO,BENITO JUÁREZ,16,9,9,3,9
1417,10415,CANCÚN-CHETUMAL,77500,DEL SOL,SOBRE CARRTERA CERCA DEL HOTEL CANCÚN,OTHON P.BLANCO,S/N,,,CANCÚN-CHETUMAL,BONAMPAK,CANCÚN-VALLADOLID,QUINTANA ROO,OTHÓN P. BLANCO,16,9,9,3,9
1418,10419,,,,,,,,,,,,,,,,,,
1420,10430,,,,,,,,,,,,,,,,,,
1423,10446,MADERO,61250,MARAVATÍO,SE ENCUENTRA UBICADA FRENTE A LA IGLESIA.,MARAVATIO,S/N,,,OCAMPO,ARTEAGA,BELISARIO DOMINGUEZ,MICHOACAN DE OCAMPO,MARAVATÍO,5,5,5,5,5
1424,10448,,,,,,,,,,,,,,,,,,
1426,10523,,,,,,,,,,,,,,,,,,
1428,10539,,,,,,,,,,,,,,,,,,
1429,10585,LAZARO CARDENAS,35078,PARQUE INDUSTRIAL LAGUNERO,"UBICADO EN LA PRIMER ETAPA DE LA ZONA INDUSTRIAL LAGUNERO (EN GOMEZ PALACIO, DGO)
FRENTE A UNA EMPRESA DE ACEITES",GOMEZ PALACIO,188,,,CANATLAN,VALLE DEL GUADIANA,CUATROCIENEGAS,DURANGO,GÓMEZ PALACIO,6,7,5,7,5
1430,10588,,,,,,,,,,,,,,,,,,
1431,10590,PRESIDENTE CARRANZA,27000,,LOCALIZADA  A DOS CUADRAS DEL BOSQUE VENUSTIANO CARRANZA.,TORREON,1685,,,JUAN PABLOS,GUTENBERG,HIDALGO,COAHUILA DE ZARAGOZA,TORREÓN,5,5,5,5,5
1432,10592,FERNANDO BUSTOS,27019,CIUDAD INDUSTRIAL,A UN LADO DE LOS PATIOS DE LA EMPRESA LALA,TORREON,10,,,ALBERTO N SWAIN,ADOLFO AYMES,ADOLFO AYMES,COAHUILA DE ZARAGOZA,TORREÓN,6,5,5,20,5
1433,10594,,,,,,,,,,,,,,,,,,
1434,10596,,,,,,,,,,,,,,,,,,
1435,10598,BRAVO,27000,CENTRO,"A DOS CUADRAS DE LA CALZ. COLON, POR LA ALAMEDA.",TORREON,93,,,DEGOLLADO,COLON,CORREGIDORA,COAHUILA DE ZARAGOZA,TORREÓN,7,3,5,7,3
1436,10605,49,27290,los angeles,A DOS CUADRAS AL ORIENTE DEL CITY CLUB .,torreon,199,,,AUSTRIA,REVOLUCIÓN,SIN NOMBRE,COAHUILA DE ZARAGOZA,TORREÓN,16,5,5,4,5
1438,10645,SAN SALVADOR,77028,8 DE OCTUBRE,,CHETUMAL,563,S/N,,,,,QUINTANA ROO,OTHÓN P. BLANCO,2,3,,,
1441,10432,CORREGIDORA,79900,CENTRO,ATRÁS DE LA PRESIDENCIA MUNICIPAL DE XILITLA,XILITLA,107,,,MIGUEL ALVAREZ ACOSTA,JARDIN HIDALGO,PROPIEDAD PRIVADA,SAN LUIS POTOSI,XILITLA,7,5,5,5,
1442,10461,,,,,,,,,,,,,,,,,,
1444,10468,,,,,,,,,,,,,,,,,,
1446,10476,,,,,,,,,,,,,,,,,,
1448,10480,,,,,,,,,,,,,,,,,,
1462,10544,Tonantzin,44520,Jardines del Bosque,En la esquina de tonantzin y paruqe de las estrellas. Dos cuadras de la calzada Lazaro Cardenas,,1061,,,Satelite,Parque de las Estrellas,Centella,JALISCO,GUADALAJARA,7,3,5,5,5
1463,10550,,,,,,,,,,,,,,,,,,
1464,10552,,,,,,,,,,,,,,,,,,
1465,10557,,,,,,,,,,,,,,,,,,
1466,10559,PRIMERO DE MAYO,54700,CENTRO URBANO,ENFRENTE DEL CENTRO COMERCIAL LUNA PARK,CUAUTITLAN IZCALLI,100,,,HUIXQUILUCAN,CONSTITUCION,DOCTOR JORGE JIMENES,MEXICO,CUAUTITLÁN IZCALLI,7,3,3,3,3
1467,10564,,,,,,,,,,,,,,,,,,
1468,10566,ALBERTO N SWAIN,27019,CIUDAD INDUSTRIAL TORREON,A UN COSTADO DE LAS INSTALACIONES DE LA EMPRESA LALA.,TORREON,60,,,ANITGUA CARRETERA A SAN PEDRO,ALFREDO BUSTOS,ROBERTO DÁVILA,COAHUILA DE ZARAGOZA,TORREÓN,6,5,9,5,5
1469,10568,TORRREON-MIELERAS KM 6.5,27400,MIELERAS,LA EMPRESA ESTA UBICADA A UN COSTADO DE JB. SE ADJUNTA UN MAPA DE LOCALIZACION DE LA EMPRESA DENTRO DEL PROYECTO.,TORREON,SIN NÚMERO,,,TORREÓN-MIELERAS,SIN NOMBRE,SIN NOMBRE,COAHUILA DE ZARAGOZA,TORREÓN,10,9,9,8,8
1470,10571,,,,,,,,,,,,,,,,,,
1471,10573,,,,,,,,,,,,,,,,,,
1472,10575,juan,77510,,plaza principal,cancun,1,,,juarez,garcia,benito,QUINTANA ROO,BENITO JUÁREZ,7,5,5,5,5
1473,10578,,,,,,,,,,,,,,,,,,
1475,10627,,,,,,,,,,,,,,,,,,
1476,10631,JUAREZ,67300,SANTIAGO,"JUAREZ ESQUINA CON ABASOLO, FRENTE A IGLESIA SANTIAGO APOSTOL",SANTIAGO,SN,,,JUAREZ,ABASOLO,CUAUHTEMOC,NUEVO LEON,SANTIAGO,5,5,5,5,5
1478,10661,Guerrero ote,59600,centro,FRENTE A LA PLAZA DE ARMAS DE LA CIUDAD Y CONTRA ESQUINA DE LA CATEDRAL DE ZAMORA,ZAMORA,82,,,MORELOS,IGNACIO ALLENDE,CORREGIDORA,MICHOACAN DE OCAMPO,ZAMORA,7,5,5,5,5
1479,10669,,,,,,,,,,,,,,,,,,
1480,10680,,,,,,,,,,,,,,,,,,
1481,10656,8,24000,centro,Palacio Municipal ubicado en el centro histórico de la ciudad de campeche.,campeche,s/n,,,61,63,10,CAMPECHE,CAMPECHE,7,5,5,5,5
1482,10690,,,,,,,,,,,,,,,,,,
1484,10741,,,,,,,,,,,,,,,,,,
1485,10744,,,,,,,,,,,,,,,,,,
1486,10749,,,,,,,,,,,,,,,,,,
1503,10729,,,,,,,,,,,,,,,,,,
1505,10737,IGNACIO ALLENDE,91700,CENTRO,"EDIFICIO BLANCO DE LA CÁMARA NACIONAL DE COMERCIO, SERVICIOS Y TURISMO DE VERACRUZ.",VERACRUZ,1389,,,BENITO JUÁREZ,MIGUEL LERDO DE TEJADA,NEZAHUALCOYOTL,VERACRUZ DE IGNACIO DE LA LLAVE,VERACRUZ,7,5,5,5,3
1507,10790,,,,,,,,,,,,,,,,,,
1508,10792,,,,,,,,,,,,,,,,,,
1509,10794,,,,,,,,,,,,,,,,,,
1510,10801,,,,,,,,,,,,,,,,,,
1511,10803,,,,,,,,,,,,,,,,,,
1512,10805,Periferico Sur,45610,Toluquilla,Oficinas en forma de cabaña de madera color café con techos verdes y reja blanca,Tlaquepaque,6739,,,Periferico Sur Gómez Morín,8 de Julio,González Gallo,JALISCO,San Pedro TLAQUEPAQUE,19,5,19,3,5
1513,10809,Luis Echeverria Alvarez,25286,Guanajuato Ote.,"Edificio Torre Saltillo, piso 4",Saltillo,1560,,piso 4,Antiguo Camino a Monterrey,Nazario Ortiz Garza,Alhodiga de Granaditas,COAHUILA DE ZARAGOZA,SALTILLO,7,19,5,4,5
1516,10823,Guadalupe,20050,Guadalupe,frente al jardín de Guadalupe,Ags,306,,,Nicolas Bravo,Antonio Arias Bernal,Rafaél García Macías,AGUASCALIENTES,AGUASCALIENTES,3,5,5,5,5
1518,10832,Hermenegildo Galeana,40902,Tetitlan,,Tetitlan,s/n,,,km 97,Tetitlan,boca chica,GUERRERO,TÉCPAN DE GALEANA,22,5,9,9,5
1519,10839,,,,,,,,,,,,,,,,,,
1520,10882,,,,El proyecto toma lugar en los polígonos de alta densidad poblacional y violencia.,,,,,,,,,,,,,,
1522,10773,MADERO,61250,SANTIAGO PURIATZICUARO,A UNA CUADRA DEL CENTRO DE POBLACION,SANTIAGO PURIATZICUARO,1,,,,,,MICHOACAN DE OCAMPO,MARAVATÍO,22,5,,,
1525,10844,,,,,,,,,,,,,,,,,,
1527,10850,,,,,,,,,,,,,,,,,,
1531,10864,,,,,,,,,,,,,,,,,,
1532,10866,,,,,,,,,,,,,,,,,,
1534,10874,PLAYA BOCA CHICA,40900,TETITLAN,,TETITLAN,S/N,,,KM. 97,TETITLAN,BOCA CHICA,GUERRERO,TÉCPAN DE GALEANA,22,5,9,9,5
1535,10876,,,,,,,,,,,,,,,,,,
1536,10903,,,,,,,,,,,,,,,,,,
1537,10907,,,,,,,,,,,,,,,,,,
1538,10910,HIDALGO,23437,LOMAS DEL FARO VIEJO,"PLAZA GOLDEN PALACE  CONTRAESQUINA DE LA CRUZ ROJA, FRENTE A LA GASOLINERA EJIDAL Y A UNA CUADRA EL INSTITUTO MEXICANO DEL SEGURO SOCIAL ",LOS CABOS,233,LOCAL 43,S/N,CONSTITUYENTES,SAN ANTONIO,SIN NOMBRE,BAJA CALIFORNIA SUR,LOS CABOS,7,4,4,4,6
1541,10885,,,,,,,,,,,,,,,,,,
1544,10894,GUERRERO OTE,59600,CENTRO,FRENTE A LA PLAZA DE ARMAS DE LA CIUDAD Y CONTRA ESQUINA DE LA CATEDRAL DE ZAMORA,ZAMORA,82,,,MORELOS,IGNACIO ALLENDE,CFORREGIDORA,MICHOACAN DE OCAMPO,ZAMORA,7,5,5,5,5
1549,10927,,,,FRENTE A LA PLAZA DE ARMAS DE LA CIUDAD EN CONTRA ESQUINA DE LA CATEDRAL DE ZAMORA,,,,,MORELOS,IGNACIO ALLENDE,CORREGIDORA,,,,,5,5,5
1551,10932,,,,,,,,,,,,,,,,,,
1552,10936,,,,,,,,,,,,,,,,,,
1553,10939,,,,,,,,,,,,,,,,,,
1555,10970,Hidalgo ,62000,Centro ,"En el primer cuadro de la Ciudad de Cuernavaca entre el ""Jardín Borda"" y el "" Palacio de Cortés"" ",Cuernavaca,s/n,,,Morelos ,Benito Juárez ,Abasolo ,MORELOS,CUERNAVACA,7,5,3,4,5
1558,10979,,,,,,,,,,,,,,5,,,,
1561,10920,Federal Puebla Atlixco,,Atlixco,Se va a abrir un centro de producción en: http://goo.gl/maps/KouCb (interseccion federal a puebla-atlixco y autopista puebla-cuatla) el centro de venta esta localizado en http://goo.gl/maps/4CtwI que es una plaza comercial,Atlixco,Km 24.5,,,Federal Puebla Atlixco,438D,,PUEBLA,ATLIXCO,5,9,5,9,
1562,10943,,,,,,,,,,,,,,,,,,
1563,10947,,,,,,,,,,,,,,,,,,
1564,10952,,,,El proyecto toma lugar en los polígonos de alta densidad poblacional y violencia.,,,,,,,,,,,,,,
1565,10956,,,,,,,,,,,,,,,,,,
1567,10960,,,,,,,,,,,,,,,,,,
1568,11022,,,,,,,,,,,,,,,,,,
1569,11031,,,,,,,,,,,,,,,,,,
1570,11035,,,,,,,,,,,,,,,,,,
1571,11037,,,,,,,,,,,,,,,,,,
1572,11039,,,,,,,,,,,,,,,,,,
1573,11081,,,,,,,,,,,,,,,,,,
1574,11083,,,,,,,,,,,,,,,,,,
1576,11090,,,,,,,,,,,,,,,,,,
1579,11103,,,,,,,,,,,,,,,,,,
1581,10988,,,,,,,,,,,,,,,,,,
1582,10990,JUAREZ,67300,SANTIAGO,"ENTRE JUAREZ Y ABASOLO ,A LADO DE IGLESIA SANTIAGO APOSTOL, PUEBLO MAGICO",SANTIAGO,SN,,,JUAREZ,ABASOLO,CUAUHTEMOC,NUEVO LEON,SANTIAGO,5,5,5,5,5
1584,10996,,,,,,,,,,,,,,,,,,
1586,11005,,,,,,,,,,,,,,,,,,
1589,11018,C 17 X 20,97780,"Comunidad Kanxoc, Yucatán","Kanxoc es una pequeña localidad ubicada a 15 kilómetros de la Ciudad de Valladolid en el estado de Yucatán, se encuentra en el oriente del estado, cerca de la frontera con la entidad vecina de Quintana Roo, es una población de aproximadamente 3500 personas. Viven de cultivar la tierra y producen y bordan hipiles para venderlos en mercados o tianguis, lo que ocasiona que no haya muchas oportunidades para detonar posibilidades de desarrollo para éstos habitantes de la comunidad.",Kanxoc,S/N,S/N,S/N,,,,YUCATAN,VALLADOLID,13,9,9,9,9
1590,11020,,,,,,,,,,,,,,,,,,
1592,11052,,,,,,,,,,,,,,,,,,
1593,11055,Autopista del Sol,,Xochitepec,Entre el parque de diversiones BERAKA  y el Parque Científico y Tecnológico de Morelos,Xochitepec,Km 112 ,,,Autopista del Sol Km 112 ,,,MORELOS,XOCHITEPEC,26,9,9,,
1595,11059,,,,,,,,,,,,,,,,,,
1596,11063,Carretera Federal Acapulco Zihuatanejo,40909,Papanoa,"Ubicado sobre la carretera federal Acapulco - Zihuatanejo, frente al cuartel de la policía estatal",Papanoa,Km 160,,,,,,GUERRERO,TÉCPAN DE GALEANA,22,9,,,
1597,11065,,,,,,,,,,,,,,,,,,
1598,11070,,,,,,,,,,,,,,,,,,
1600,11076,,,,,,,,,,,,,,,,,,
1601,11107,,,,,,,,,,,,,,,,,,
1602,11110,,,,,,,,,,,,,,,,,,
1603,11112,,,,,,,,,,,,,,,,,,
1605,11117,,,,,,,,,,,,,,,,,,
1606,11164,,,,,,,,,,,,,,,,,,
1608,11170,,,,,,,,,,,,,,,,,,
1609,11172,,,,,,,,,,,,,,,,,,
1610,11174,,,,"Se ejecutara en los 32 municipios mexiquenses considerados en la cruzada contra el hambre (Acambay, Almoloya de Juárez, Atizapán de Zaragoza, Chalco, Chimalhuacán, Ecatepec de Morelos, Ixtapaluca, Ixtapan del Oro, Ixtlahuaca, Jiquipilco, Naucalpan de Juárez, Nezahualcóyotl, Nicolás Romero, La Paz, San Felipe del Progreso, Sultepec, Tecámac, Tejupilco, Temascalcingo, Temoaya, Tenancingo, Texcoco, Tlalnepantla de Baz, Toluca, Tultitlán, Villa Victoria, Zinacantepec, Zumpahuacán, Cuautitlán Izcalli, Valle de Chalco Solidaridad, Luvianos, San José del Rincón) 32 grupos de 30 personas cada uno",,,,,,,,,,,,,,
1611,11176,HIDALGO,23437,LOMAS DEL FARO VIEJO,"PLAZA GOLDEN PALACE  CONTRAESQUINA DE LA CRUZ ROJA, FRENTE A LA GASOLINERA EJIDAL Y A UNA CUADRA EL INSTITUTO MEXICANO DEL SEGURO SOCIAL ",LOS CABOS,233,LOCAL 43,S/N,CONSTITUYENTES,SAN ANTONIO,SIN NOMBRE,BAJA CALIFORNIA SUR,LOS CABOS,7,4,4,4,6
1612,11178,AVENIDA VALLARTA ,44100,ZONA CENTRO ,Es dentro del parque Revolución (conocido como parque rojo) ubicado en la estación del tren Juarez. ,ZONA CENTRO ,,,,FEDERALISMO,JESUS,PEDRO MORENO,JALISCO,GUADALAJARA,7,3,7,5,5
1613,11180,,,,"Los 24 Módulos de Acuaponia se instalarán en los municipios de Toluca, San Felipe del Progreso, Naucalpan de Juarez, Ixtlahuaca, San Jose del Rincon, Ixtapaluca, Valle de Chalco Solidaridad, Tlalnepantla de Baz, Nicolas Romero, Chalco, Zinacantepec, Villa Victoria, Texcoco, Tejupilco, Atizapan de Zaragoza, Temoaya, Almoloya de Juarez, Tecamac, Temascalcingo ,Cuautitlan Izcalli, Jiquipilco, Tenancingo, Sultepec, Zumpahuacan	",,,,,,,,,,,,,,
1614,11223,,,,"El proyecto tendrá lugar en los 32 municipios mexiquenses considerados en la cruzada contra el Hambre (Acambay, Almoloya de Juárez, Atizapán de Zaragoza, Chalco, Chimalhuacán, Ecatepec de Morelos, Ixtapaluca, Ixtapan del Oro, Ixtlahuaca, Jiquipilco, Naucalpan de Juárez, Nezahualcóyotl, Nicolás Romero, La Paz, San Felipe del Progreso, Sultepec, Tecámac, Tejupilco, Temascalcingo, Temoaya, Tenancingo, Texcoco, Tlalnepantla de Baz, Toluca, Tultitlán, Villa Victoria, Zinacantepec, Zumpahuacán, Cuautitlán Izcalli, Valle de Chalco Solidaridad, Luvianos, San José del Rincón)",,,,,,,,,,,,,,
1615,11225,BASURTO ,91000,CENTRO,ES UN TRIANGULO LA CALLE,XALAPA,55,,10,HIDALGO,BETANCOURT,CAYETANO RODRIGUEZ,VERACRUZ DE IGNACIO DE LA LLAVE,XALAPA,7,5,5,5,5
1616,11227,,,,"El proyecto se realizarán en 8 municipios mexiquenses considerados en la cruzada nacional contra el hambre (Ixtlahuaca, Jiquipilco, Luvianos, San Felipe del progreso, Sultepec, Toluca, Villa Victoria, Zinacantepec.)",,,,,,,,,,,,,,
1617,11229,,,,,,,,,,,,,,,,,,
1618,11231,Independencia,22330,Zona Rio,HIDROFIC Proyecto de Reactivación Económica y Sustentabilidad Alimentaria,,1350,No aplica,No aplica,Paseo Centenario,Via Rapida Oriente,Netzahualcoyotl,BAJA CALIFORNIA,TIJUANA,5,3,3,19,4
1623,11128,,,,,,,,,,,,,,,,,,
1625,11134,,,,,,,,,,,,,,,,,,
1627,11139,,,,,,,,,,,,,,,,,,
1628,11141,,,,,,,,,,,,,,,,,,
1629,11143,,,,,,,,,,,,,,,,,,
1630,11146,,,,,,,,,,,,,,,,,,
1631,11148,,,,,,,,,,,,,,,,,,
1633,11152,XILITLA CRUSTITLA,79900,LA PAGUA,RODEADO DE CERROS A UN COSTADO DEL PANTEÓN MUNICIPAL ,XILITLA,S/N,,,RODEADO DE CERROS,RODEADO DE CERROS,RODEADO DE CERROS,SAN LUIS POTOSI,XILITLA,3,8,,,
1634,11154,,,,,,,,,,,,,,,,,,
1635,11156,"Calle Nichupte S.M.8, Mza. 1, ",77500,Centro,Hotel City Express Cancún Centro,Cancun,Lote 4 ,,, Bonampak,Tulum,,QUINTANA ROO,BENITO JUÁREZ,7,5,3,3,
1636,11158,,,,,,,,,,,,QUINTANA ROO,BENITO JUÁREZ,,,,,
1637,11160,,,,,,,,,,,,,,,,,,
1638,11183,juarez,66400,,"EL LUGAR ES LA PLAZA PRINCIPAL DE NUESTRO MUNICIPIO BERNARDO REYES, EN ESA PLAZA SE HACEN VARIAS EXPOSICIONES EN EL ANO DE ARTESANOS, COMERCIANTES Y EXPOSICIONES CULTURALES. AHI SE LLEVARIA A CABO LA EXPOSICION, EL ENCUENTRO DE NEGOCIOS Y LA COMERCIALIZACION DE LOS PRODUCTOS.",San Nicolas de los Garza,s/n,,,ALDAMA,HIDALGO,PORFIRIO DIAZ,NUEVO LEON,SAN NICOLÁS DE LOS GARZA,5,3,5,5,5
1639,11185,Carr. México - Toluca km 63.5,50160,Santa Ana Tlapaltitlán,"En la Zona Hotelera, cerca de las principales Zonas Industriales.",TOLUCA ,S/N,S/N,S/N,PASEO TOLLOACAN,A. DEL MAZO,COMONFORT,MEXICO,TOLUCA,7,9,3,4,3
1640,11190,,,,,,,,,,,,,,,,,,
1642,11204,,,,,,,,,,,,,,,,,,
1645,11214,,,,,,,,,,,,,,,,,,
1647,11241,,,,,,,,,,,,,,,,,,
1648,11244,,,,,,,,,,,,,,,,,,
1649,11246,,,,,,,,,,,,,,,,,,
1650,11249,,,,,,,,,,,,,,,,,,
1652,11256,,,,,,,,,,,,,,,,,,
1657,11272,,,,,,,,,,,,,,,,,,
1658,11274,ALLENDE,58000,CENTRO,A DOS CUADRAS DE CATEDRAL,MORELIA,403,,,IGNAICO LOPEZ RAYON,HERMENEGILDO GALEANA,CORREGIDORA,MICHOACAN DE OCAMPO,MORELIA,7,5,5,5,5
1660,11280,ALLENDE,58000,CENTRO,A DOS CUADRAS DE CATEDRAL,MORELIA,403,,,IGNACIO LOPEZ RAYON,HERMENEGILDO GALEANA,CORREGIDORA,MICHOACAN DE OCAMPO,MORELIA,7,5,5,5,5
1661,11282,IGNACIO ALLENDE,91700,CENTRO,EDIFICIO BLANCO DE DOS NIVELES DE LA CÁMARA NACIONAL DE COMERCIO DE VERACRUZ,VERACRUZ,1389,,,BENITO JUÁREZ,MIGUEL LERDO DE TEJADA,NEZAHUALCOYOTL,VERACRUZ DE IGNACIO DE LA LLAVE,VERACRUZ,7,3,5,5,3
1662,11284,,,,,,,,,,,,,,,,,,
1663,11288,ALLENDE,58000,CENTRO,A DOS CUADRAS DE CATEDRAL,MORELIA,403,,,IGNACIO LOPEZ RAYON,HERMENEGILDO GALEANA,CORREGIDORA,MICHOACAN DE OCAMPO,MORELIA,7,5,5,5,5
1664,11291,Fray Bernardino de Sahagún,58249,El Mirador del Punhuato,La empresa se encuentra ubicada a una cuadra del Periférico Paseo de la República. Frente a CECYPE inicia la calle Gutiérrez de Zetina.,Morelia,101,,,Gaspar Pérez Villagrana,Gutiérrez de Zetina,Periférico Paseo de la República,MICHOACAN DE OCAMPO,MORELIA,16,5,5,5,3
1665,11296,Jaguares,68000,Oaxaca de Juarez,"Oficina ubicada en andador Jaguares, No. 10, Fracc. casa del sol, Oaxaca de Juarez, Oax.",,10,,,Lluvia,Sin nombre,Delfines,OAXACA,OAXACA DE JUÁREZ,7,2,2,2,2
1666,11298,,,,,,,,,,,,,,,,,,
1667,11301,,,,,,,,,,,,,,,,,,
1671,11309,Otilio Zurdo Galván ,25060,,"Ubicado al sur de la cuidad de saltillo, por la central de autobuses, frente a la unidad deportiva Eduardo Dávila Gonzales.
Entre las calles laterales Humberto Cid González y Manuel W. González 
Al lado se encuentra la estación de bomberos y en contra esquina un 7 eleven 
",,102,,,Humberto Cid González ,Manuel W. González ,,COAHUILA DE ZARAGOZA,SALTILLO,,4,5,5,
1673,11319,,,,,,,,,,,,,,,,,,
1674,11321,SEGUNDA PRIVADA DE JACARANDAS,68020,SAN FELIPE DEL AGUA,"CONSTRUCCION DE DOS PLANTAS, MODIFICADA PARA SERVICIOS DE ALIMENTACION ",SAN FELIPE DEL AGUA ,203,,,CATALINA ,DE JACARANDAS ,HIDALGO,OAXACA,OAXACA DE JUÁREZ,7,5,5,20,5
1675,11326,,,,,,,,,,,,,,,,,,
1678,11333,,,,,,,,,,,,,,,,,,
1681,11344,,,,,,,,,,,,,,,,,,
1684,11352,62,97000,Centro Cultural Olimpo,"El Centro Cultural Olimpo se encuentra ubicado a un costado del Palacio Municipal, en frente de la Plaza Grande en la esquina de la calle 62x 61, es un edificio de color blanco.",Merida,s/n,s/n,s/n,62,61,64,YUCATAN,MÉRIDA,5,5,5,5,
1685,11354,ALLENDE,58000,CENTRO,A DOS CUADRAS DE CATEDRAL,MORELIA,403,,,IGNACIO LOPEZ RAYON,HEMENEGILDO GALEANA,CORREGIDORA,MICHOACAN DE OCAMPO,MORELIA,7,5,5,5,5
1686,11358,5 DE MAYO,91700,CENTRO,EDIFICIO DE DOS PLANTAS RECIEN REMODELADO CON FACHADA HISTÓRICA Y BALCONES TIPO COLONIAL,VERACRUZ,1147,,,BENITO JUÁREZ,MIGUEL LERDO DE TEJADA,INDEPENDENCIA,VERACRUZ DE IGNACIO DE LA LLAVE,VERACRUZ,7,3,5,5,3
1688,11363,Cerrada de Zapata,41180,Los Aguacates,Domicilio fiscal de la empresa e instalaciones de la Planta que se reactivará.,Hueyitlalpan,2,,,Zapata,Allende,5 de Mayo,GUERRERO,MÁRTIR DE CUILAPAN,7,10,5,5,6
1689,11365,,,,,,,,,,,,,,,,,,
1690,11367,,,,,,,,,,,,,,,,,,
1694,11377,LOMA DORADA,22214,LOMA DORADA,"SOBRE BULEVARD ENFRENTE UBICA PLAZA MONARCA, SUBIR LOMA DAR VUELTA AL VER CENTRO COMUNITARIO LOMA DORADA A UN COSTADO SECUNDARIA TECNICA 115",TIJUANA,22214,N/A,N/A,LOMA DORADA,LOMA DORADA,JARAGUAY,BAJA CALIFORNIA,TIJUANA,16,11,11,5,5
1695,11380,,,,,,,,,,,,,,,,,,
1696,11402,,,,,,,,,,,,,,,,,,
1699,11408,,,,,,,,,,,,,,,,,,
1700,11410,,,,,,,,,,,,,,,,,,
1701,11381,,,,,,,,,,,,,,,,,,
1702,11385,,,,,,,,,,,,,,,,,,
1703,11388,GUERRERO OTE,59600,CENTRO,FRENTE A LA PLAZA DE ARMAS DE LA CIUDAD Y CONTRA ESQUINA DE LA CATEDRAL DE ZAMORA,ZAMORA,82,,,MORELOS,IGNACIO ALLENDE,CORREGIDORA,MICHOACAN DE OCAMPO,ZAMORA,7,5,5,5,5
1704,11391,medellin,06700,Roma Norte,a 500 metros de la Universidad de las Americas,,21,,3,puebla,sinaloa,valladolid,DISTRITO FEDERAL,CUAUHTÉMOC,7,5,5,5,5
1705,11393,,,,,,,,,,,,,,,,,,
1706,11395,,,,,,,,,,,,,,,,,,
1707,11397,20 de noviembre ,32310,El Colegio,"Cerca del centro comercial Rio Grande entre av Lopez mateo y Adolfo de la Huerta, lateral a Vicente Guerrero",juarez,4305,,6,,,,CHIHUAHUA,JUÁREZ,16,5,,,
1708,11399,,,,,,,,,,,,,,,,,,
1711,11508,,,,,,,,,,,,,,,,,,
1712,11510,,,,,,,,,,,,,,,,,,
1713,11514,,,,,,,,,,,,,,,,,,
1716,11520,,,,,,,,,,,,,,,,,,
1717,11522,Av. Parque Industrial de los Aztecas ,32670,JUAREZ,"Se encuentra en el Sur Poniente de la ciudad dentro de la colonia Granjas de Chapultepec y del Parque Industrial de los Aztecas , , en colindancia con la subestación eléctrica de la CFE.",,2220,,,CANDELARIO CERVANTES,GRANJAS DE CHAPULTEPEC,GRANJAS DE CHAPULTEPEC,CHIHUAHUA,JUÁREZ,5,3,6,5,5
1719,11530,,,,,,,,,,,,,,,,,,
1720,11533,,,,,,,,,,,,,,,,,,
1721,11412,,,,,,,,,,,,,,,,,,
1723,11416,,,,,,,,,,,,,,,,,,
1724,11418,,,,,,,,,,,,,,,,,,
1725,11420,,,,,,,,,,,,,,,,,,
1726,11422,,,,,,,,,,,,,,,,,,
1727,11424,,,,,,,,,,,,,,,,,,
1728,11426,,,,,,,,,,,,,,,,,,
1729,11429,,,,,,,,,,,,,,,,,,
1731,11435,,,,,,,,,,,,,,,,,,
1732,11438,,,,,,,,,,,,,,,,,,
1741,11442,,,,,,,,,,,,,,,,,,
1742,11444,,,,,,,,,,,,,,,,,,
1744,11451,,,,,,,,,,,,,,,,,,
1745,11453,José María Pino Suárez ,06060,,"Museo de la Ciudad de México ubicado en la calle de José María Pino Suárez, entre las Calles de República de Uruguay y República de Salvador",Centro,30,,,República del Salvador,República de Uruguay,Correo Mayor,DISTRITO FEDERAL,CUAUHTÉMOC,5,5,5,5,5
1746,11456,,,,,,,,,,,,,,,,,,
1747,11459,,,,,,,,,,,,,,,,,,
1748,11462,MANUEL BONILLA,80200,JORGE ALMADA,"PLAZA COMERCIAL SAN MARCOS, PLANTA BAJA, OFICINA SINALOA CRECE",,500 ,,5 Y 6,AGUILAR BARRAZA,JUAN JOSE RIOS,CONSTITUCION,SINALOA,CULIACÁN,7,5,5,5,4
1749,11465,,,,,,,,,,,,,,,,,,
1750,11467,,,,,,,,,,,,,,,,,,
1751,11469,,,,,,,,,,,,,,,,,,
1752,11471,,,,,,,,,,,,,,,,,,
1753,11474,,,,,,,,,,,,,,,,,,
1754,11476,José Ma Chavez,20280,San pedro,,Ags,3005,,,Siglo XXi,Del Abasto,Mahatma Gandi,AGUASCALIENTES,AGUASCALIENTES,7,5,3,5,3
1756,11481,,,,,,,,,,,,,,,,,,
1757,11483,,,,,,,,,,,,,,,,,,
1758,11487,,,,,,,,,,,,,,,,,,
1759,11489,,,,FRENTE A LA PLAZA DE ARMAS DE LA CIUDAD EN CONTRA ESQUINA DE LA CATEDRAL DE ZAMORA,,,,,IGNACIO ALLENDE,MORELOS,CORREGIDORA,,,,,5,5,5
1760,11492,,,,,,,,,,,,,,,,,,
1761,11494,,,,,,,,,,,,,,,,,,
1766,11548,Tlajomulco-San Miguel Cuyutlán KM. 12.5,45660,San Miguel Cuyutlán,"Carretera Tlajomulco-San Miguel Cuyutlán Km. 12.5, a un costado de un negocio de transmisión eléctrica automotriz ",Acatitlan,Km. 12.5,,,Higueras,Prolongación Juarez ,,JALISCO,TLAJOMULCO DE ZÚÑIGA,7,9,5,3,
1768,11552,PERIFERICO NORTE,45100,LOS BELENES,,,799,,,PARRES ARIAS,,,JALISCO,ZAPOPAN,7,19,5,,
1769,11554,,,,,,,,,,,,,,,,,,
1772,11560,PERIFERICO NORTE,45100,LOS BELENES,,,799,,,,,,JALISCO,ZAPOPAN,7,19,,,
1773,11582,,,,,,,,,,,,,,,,,,
1774,11584,Revolución ,45560,Álamo ,"Oficinas de la SAGARPA, ubicada a un costado de un BBVA Bancomer",,64,,,Carrillo Puerto ,Reforma,Patria,JALISCO,TLAJOMULCO DE ZÚÑIGA,7,3,5,5,3
1775,11586,,,,,,,,,,,,,,,,,,
1776,11589,,,, ,,,,,,,,,,,,,,
1779,11597,ECIJA,22465,INFONAVIT PATRIMONIO MURUA,,TIJUANA,16922,A,,DUERO,FERROL,CATALUÑA,BAJA CALIFORNIA,TIJUANA,7,5,5,5,5
1780,11600,,,,,,,,,,,,,,,,,,
1781,11535,,,,,,,,,,,,,,,,,,
1782,11538,HUMBOLT,68000,CENTRO,,,700,,,REFORMA,JUAREZ,REFORMA,OAXACA,OAXACA DE JUÁREZ,7,5,5,5,5
1783,11563,GUILLERMO PRIETO ,81200,CENTRO,EDIFICIO DE DOS PLANTAS Y SE ENCUENTRA FRENTE A LA COMISIÓN FEDERAL DE ELECTRICIDAD,LOS MOCHIS,728,,,CUAUHTEMOC,MARCIAL ORDOÑEZ,IGNACIO ZARAGOZA,SINALOA,AHOME,7,5,3,3,3
1784,11566,,,,,,,,,,,,,,,,,,
1785,11569,jose e solis romero,40900,tecpan de galeana,frente al zocalo de la ciudad de tecpan de galeana,TECPAN DE GALEANA,1,,,julio adams,hermnegildo galeana,enrrique angon,GUERRERO,TÉCPAN DE GALEANA,5,5,5,5,5
1786,11571,jose e solis romero,40900,tecpan de galeana,"A UN COSTADO DE TELMEX, ",TECPAN DE GALEANA,1,,,julio adams,hermnegildo galeana,enrrique angon,GUERRERO,TÉCPAN DE GALEANA,5,5,5,5,5
1790,11579,,,,,,,,,,,,,,,,,,
1791,11602,,,,,,,,,,,,,,,,,,
1792,11604,,,,,,,,,,,,,,,,,,
1793,11607,,,,,,,,,,,,,,,,,,
1794,11610,,,,,,,,,,,,,,,,,,
1795,11612,,,,,,,,,,,,,,,,,,
1796,11614,,,,,,,,,,,,,,,,,,
1797,11617,HIDALGO,35090,LAS ROSAS,UBICADA EN LA ESQUINA DE CALLE HIDALGO Y CALLE DURANGO A UN COSTADO DE LA UNION DE CREDITO DE GOMEZ PALACIO,GOMEZ PALACIO,1370 SUR,,,DURANGO,AMADO NERVO,MINA,DURANGO,GÓMEZ PALACIO,7,5,5,5,5
1798,11619,,,,,,,,,,,,,,,,,,
1799,11641,,,,,,,,,,,,,,,,,,
1800,11643,,,,,,,,,,,,,,,,,,
1801,11623,,,,,,,,,,,,,,,,,,
1802,11626,Plaza de la Constitucion ,41180,centro,a escasos pasos del jardín central y el circuito de la Plaza de la Constitución,Apango,1,,,Mariano Escobedo,Francisco I Madero,Vicente Guerrero,GUERRERO,MÁRTIR DE CUILAPAN,7,5,5,5,3
1803,11629,,,,,,,,,,,,,,,,,,
1804,11631,,,,,,,,,,,,,,,,,,
1805,11633,,,,,,,,,,,,,,,,,,
1808,11681,,,,,,,,,,,,,,,,,,
1811,11688,,,,,,,,,,,,,,,,,,
1812,11690,LEONA VICARIO,56370,SAN VICENTE CHICOLOAPAN,"CASA DE DOS PLANTAS DE COLOR AZUL CON PORTON NEGRO, ESQUINA MATAMOROS",SAN VICENTE CHICOLOAPAN,7,,,MATAMOROS,ALLENDE,2 DE MARZO,MEXICO,CHICOLOAPAN,7,5,5,5,5
1813,11694,INSURGENTES,81020,GUASAVE,INSURGENTES #539 CASI ESQUINA CON CALLE MANUEL AVILA CAMACHO,GUASAVE,539,,,MANUEL AVILA CAMACHO,RAFAEL BUELNA,JUAN JOSE RIOS,SINALOA,GUASAVE,5,5,5,5,5
1815,11698,,,,,,,,,,,,,,,,,,
1817,11702,Ubilio García,30190,Altamirano,"Edificio de 2 pisos, en el centro del pueblo.",Altamirano,S/N,,,Ubilio García,Central,Principal,CHIAPAS,ALTAMIRANO,5,3,3,5,5
1818,11705,,,,CASA,,,,,,,,,,,,,,
1819,11707,Plaza de la cosntitucion,41180,centro,en frente de la plaza de la constitución,Apango,1,,,,,,GUERRERO,MÁRTIR DE CUILAPAN,7,5,,,
1820,11711,,,,,,,,,,,,,,,,,,
1821,11645,,,,,,,,,,,,,,,,,,
1822,11647,,,,,,,,,,,,,,,,,,
1823,11652,,,,,,,,,,,,,,,,,,
1824,11654,MEDELLIN,28100,CENTRO,EDIFICIO DE LA PRESIDENCIA MUNICIPAL UBICADO EN FRENTE DEL JARDIN PRINCIPAL EN EL CENTRO HISTORICO DE MUNICIPIO DE TECOMAN COLIMA,,280,,,LIBERTAD,20 DE NOVIEMBRE,HIDALGO,COLIMA,TECOMÁN,7,5,5,5,5
1825,11659,MEDELLIN,28100,CENTRO,EN FRENTE DEL JARDIN PRINCIPAL DEL MUNICIPIO DE TECOMAN,,280,,,LIBERTAD,20 DE NOVIEMBRE,HIDALGO,COLIMA,TECOMÁN,7,5,5,5,5
1827,11665,,,,,,,,,,,,,,,,,,
1829,11671,,,,,,,,,,,,,,,,,,
1833,11721,,,,,,,,,,,,,,,,,,
1834,11723,,,,,,,,,,,,,,,,,,
1837,11729,mision de san javier,22010,Edificio Vía Corporativo,cercanía de los Juzgados de Distrito a 800 mts de la glorieta Abelardo L Rodriguez. ,,10643,,502,Salinas,Misión Loreto,Via Rapida poniente,BAJA CALIFORNIA,TIJUANA,7,5,4,5,9
1838,11731,,,,,,,,,,,,,,,,,,
1840,11737,,,,,,,,,,,,,,,,,,
1841,11713,,,,,,,,,,,,,,,,,,
1842,11715,CAMINO REAL ,50900,ALMOLOYA DE JUAREZ ,"La ubicación antes señala es de la casa donde se encuentran las oficinas de la unión de pirotécnicos de San Mateo Tlachichilpan la fachada es de ladrillo rojo, cercado por barandal y un portón  negro. La ubicación de los productores es una localidad de alta marginación de acuerdo con CONAPO. ",SAN MATEO TLALCHICHILPAN,S/n,,,DOCTORES,S/n,S/n,MEXICO,ALMOLOYA DE JUÁREZ,5,5,5,5,5
1843,11718,,,,,,,,,,,,,,,,,,
1844,11720,,,,,,,,,,,,,,,,,,
1845,11742,,,,"El proyecto se ejecutara en los 32 municipios mexiquenses considerados en el Programa Nacional de la Cruzada contra el Hambre Acambay, Almoloya de
Juárez, Atizapán de Zaragoza, Chalco, Chimalhuacán, Ecatepec de Morelos, Ixtapaluca, Ixtapan del
Oro, Ixtlahuaca, Jiquipilco, Naucalpan de Juárez, Nezahualcóyotl, Nicolás Romero, La Paz, San Felipe
del Progreso, Sultepec, Tecámac, Tejupilco, Temascalcingo, Temoaya, Tenancingo, Texcoco, Tlalnepantla
de Baz, Toluca, Tultitlán, Villa Victoria, Zinacantepec, Zumpahuacán, Cuautitlán Izcalli, Valle de Chalco
Solidaridad, Luvianos, San José del Rincón.",,,,,,,,,,,,,,
1847,11746,,,,,,,,,,,,,,,,,,
1848,11748,,,,,,,,,,,,,,,,,,
1849,11751,,,,,,,,,,,,,,,,,,
1850,11753,,,,,,,,,,,,,,,,,,
1851,11755,,,,,,,,,,,,,,,,,,
1852,11758,,,,,,,,,,,,,,,,,,
1854,11762,,,,,,,,,,,,,,,,,,
1855,11765,,,,,,,,,,,,,,,,,,
1856,11768,,,,,,,,,,,,,,,,,,
1857,11772,,,,,,,,,,,,,,,,,,
1858,11774,,,,,,,,,,,,,,,,,,
1859,11777,,,,,,,,,,,,,,,,,,
1863,11783,,,,,,,,,,,,,,,,,,
1866,11789,De la Juventud,66460,,"SE REALIZARA UN PASARELA DONDE HARÁN EL DESFILE DE LA ROPA CONFECCIONADA PARA MOSTRAR EL TRABAJO DESEMPEÑADO PARA LAS ÁREAS DE INTERES COMO: SECTOR EDUCATIVO, LIGAS DEPORTIVAS ",SAN NICOLAS DE LOS GARZA,SN,,,OJO DE AGUA,JUAN PABLO II,SAN NICOLÁS,NUEVO LEON,SAN NICOLÁS DE LOS GARZA,5,3,5,3,3
1869,11797,,,,,,,,,,,,,,,,,,
1870,11799,Cuauhtemoc,79900,CENTRO,ATRÁS DE PALACIO MUNICIPAL,XILITLA,113,,C,ESCONTRIA,CARRANZA,CORREGIDORA,SAN LUIS POTOSI,XILITLA,7,5,5,5,5
1873,11805,,,,,,,,,,,,,,,,,,
1874,11807,,,,Deshidratadora El Chirimoyo,,,,,,,,,,,,,,
1875,11809,2DA DE LAS ROCAS ,34017,LUZ Y ESPERANZA,"La fábrica se ubica a espaldas del Cerro del Mercado, en el antiguo aserradero Nuñez, la entrada está por la Carretera a Mazatlán, a un costado de la Colonia Luz y Esperanza.",DURANGO,502,0,,CACTUS,DE LAS ROCAS ,BOSQUES,DURANGO,DURANGO,7,5,5,5,5
1876,11811,,,,Fortalecer a los pequeños talleres que se encuentran en operación y apoyar con la generación de empleos a mujeres desempleadas con experiencia en el proceso de fabricación de prendas,,,,,,,,,,,,,,
1877,11814,,,,,,,,,,,,,,,,,,
1878,11817,,,,,,,,,,,,,,,,,,
1879,11819,,,,,,,,,,,,,,,,,,
1881,11823,,,,,,,,,,,,,,,,,,
1882,11825,,,,,,,,,,,,,,,,,,
1883,11829,JUAREZ,55000,SAN CRISTOBAL CENTRO,"PLAZA MORELOS, CABECERA MUNICIPAL.",SAN CRISTOBAL CENTRO,S/N,,,LOPEZ MATEOS,PEDRO MORENO,INSURGENTES,MEXICO,ECATEPEC DE MORELOS,5,3,3,5,3
1887,11838,,,,,,,,,,,,,,,,,,
1888,11881,,,,,,,,,,,,,,,,,,
1889,11883,,,,,,,,,,,,,,,,,,
1891,11889,PASEO DE LA REFORMA,06600,JUÁREZ,CONJUNTO REFORMA 222,CIUDAD DE MEXICO,222,,101,NIZA,HAVRE,HAMBURGO,DISTRITO FEDERAL,CUAUHTÉMOC,7,3,5,5,5
1892,11892,,,,,,,,,,,,,,,,,,
1893,11894,,,,,,,,,,,,,,,,,,
1894,11898,,,,,,,,,,,,,,,,,,
1895,11922,,,,,,,,,,,,,,,,,,
1897,11927,,,,,,,,,,,,,,,,,,
1898,11929,,,,,,,,,,,,,,,,,,
1899,11933,,,,,,,,,,,,,,,,,,
1901,11841,,,,,,,,,,,,,,,,,,
1902,11848,VALLEJO,07620,Urbano,"DEPARTAMENTO DE 70m2 A 15 METROS DE LA TERMINAL DEL METROBUS TENAYUCA, SOBRE MARIO COLIN (PERIFERICO) EN EL CONJUNTO JOLLAS DE VALLEJO ENTRADA C PLANTA BAJA CON PUERTA COLOR BLANCO",SANTA ROSA,1268,C-13,001,PERIFERICO,,SANTA ROSA,DISTRITO FEDERAL,GUSTAVO A. MADERO,8,7,3,,3
1903,11851,,,,,,,,,,,,,,,,,,
1904,11853,,,,,,,,,,,,,,,,,,
1905,11855,,,,,,,,,,,,,,,,,,
1907,11861,,,,,,,,,,,,,,,1,,,
1908,11863,,,,,,,,,,,,,,,,,,
1909,11865,,,,,,,,,,,,,,,,,,
1910,11870,REPUBLICA DE BOLIVIA,78390,SATELITE,"DOMICILIO FISCAL (EL ANTERIORMENTE MENCIONADO) DOMICILIO DEL PROYECTO ES: REAL DEL MONTE No. 1650, COLONIA: BELLAS LOMAS DE SAN JUAN DE GUADALUPE (BODEGA DEL SOLICITANTE).",,227 -B,,,CONSTITUCION,ARGENTINA,BRASIL,SAN LUIS POTOSI,SAN LUIS POTOSÍ,7,5,3,5,5
1913,11876,,,,,,,,,,,,,,,,,,
1914,11878,,,,,,,,,,,,,,,,,,
1915,11901,,,,,,,,,,,,,,,,,,
1916,11903,5 DE MAYO,91700,CENTRO,"EDIFICIO TIPO COLONIOAL RECIEN REMODELADO DE 2 NIVELES, FACHADA COLOR CREMA. EN LA PLANTA BAJA HAY UNA SUCURSAL BANCARIA",,1147,,,ESTEBAN MORALES,ARISTA,INDEPENDENCIA,VERACRUZ DE IGNACIO DE LA LLAVE,VERACRUZ,7,3,5,5,3
1917,11905,,,,,,,,,,,,,,,,,,
1918,11909,,,,,,,,,,,,,,,11,,,
1919,11912,,,,,,,,,,,,,,,,,,
1920,11914,,,,,,,,,,,,,,,,,,
1921,11916,,,,,,,,,,,,,,,,,,
1922,11918,,,,,,,,,,,,,,,,,,
1924,11945,,,,,,,,,,,,,,,,,,
1925,11947,adolfo lopez mateos,32380,MELCHOR OCAMPO,DE NORTE A SUR AV. LOPEZ MATEOS PASANDO LA CALLE SIMONA BARBA LLEGANDO A RUBEN POSADA POMPA LOCALES COMERCIALES AMARILLOS DE LADO DERECHO,JUAREZ,1615,,9,RUBEN POSADA POMPA,GRAL. JUAN MORALES,PLUTARCO E CALLES,CHIHUAHUA,JUÁREZ,7,3,3,5,5
1926,11953,,,,,,,,,,,,,,,,,,
1927,11955,,,,,,,,,,,,,,,,,,
1928,11958,,,,,,,,,,,,,,,,,,
1929,11960,,,,,,,,,,,,,,,,,,
1931,12028,,,,,,,,,,,,,,,,,,
1932,12030,,,,,,,,,,,,,,,,,,
1933,12032,,,,,,,,,,,,,,,,,,
1934,12035,,,,,,,,,,,,,,,,,,
1935,12037,,,,,,,,,,,,,,,,,,
1936,12039,,,,,,,,,,,,,,,,,,
1938,12045,,,,,,,,,,,,,,,,,,
1939,12047,Universidad,37150,Lomas del Campestre,"Entrada principal por Avenida Universidad (paralela a la prolongación Blvd. Campestre, entre las Calles Loma del Pino y Loma del Sol",Leon de los Aldama,602,2,1,Loma del Pino,Loma del Sol,Blvd. Campestre,GUANAJUATO,LEÓN,7,3,5,5,21
1940,12050,,,,,,,,,,,,,,,,,,
1941,11940,,,,,,,,,,,,,,,,,,
1943,11964,,,,,,,,,,,,,,,,,,
1944,11967,,,,,,,,,,,,,,,,,,
1945,11970,,,,,,,,,,,,,,,,,,
1947,11974,,,,,,,,,,,,,,,,,,
1948,11976,,,,,,,,,,,,,,,,,,
1951,11983,,,,,,,,,,,,,,,,,,
1952,11985,CAMINO REAL,50900,ALMOLOYA DE JUAREZ,"La ubicación antes señala es de la casa donde se encuentran las oficinas de la unión de pirotécnicos de San Mateo Tlachichilpan la fachada es de ladrillo rojo, cercado por barandal y un portón  negro. La ubicación de los productores es una localidad de alta marginación de acuerdo con CONAPO.",SAN MATEO TLALCHICHILPAN ,S/N,,,DOCTORES,SIN NOMBRE,SIN NOMBRE,MEXICO,ALMOLOYA DE JUÁREZ,5,5,,,
1953,11987,,,,,,,,,,,,,,,,,,
1954,11989,,,,,,,,,,,,,,,,,,
1957,11998,,,,,,,,,,,,,,,,,,
1959,12003,,,,,,,,,,,,,,,,,,
1960,12005,,,,,,,,,,,,,,,,,,
1961,12007,,,,,,,,,,,,,,,,,,
1962,12009,,,,,,,,,,,,,,,,,,
1963,12011,,,,,,,,,,,,,,,,,,
1964,12013,Circuito Inerior,39715,Cd. Renacimiento,es la casa blanca con portón negro a un lado del árbol de mango y el poste de electricidad.,Acapulco,126,1,40,rio nexpa,laguna del tucar,mapale,GUERRERO,ACAPULCO DE JUÁREZ,7,5,5,5,5
1965,12015,,,,,,,,,,,,,,,,,,
1966,12017,,,,,,,,,,,,,,,,,,
1967,12061,,,,,,,,,,,,,,,,,,
1968,12063,,,,,,,,,,,,,,,,,,
1969,12065,,,,,,,,,,,,,,,,,,
1970,12068,,,,,,,,,,,,,,,,,,
1971,12072,Abraham Gonzalez,33180,Guachochi,"Edificio  ubicado  frente a la plaza municipal. Guachochi, Chihuahua",Guachochi,5,,,Morelos,20 de Noviembre,Lopez Mateos,CHIHUAHUA,GUACHOCHI,5,5,5,3,5
1972,12074,,,,,,,,,,,,,,,,,,
1973,12076,,,,,,,,,,,,,,,,,,
1974,12080,,,,,,,,,,,,,,,,,,
1976,12084,,,,,,,,,,,,,,,,,,
1977,12086,,,,,,,,,,,,,,,,,,
1978,12088,CONOCIDO,41180,CENTRO,SALON DE JUNTAS DENTRO DE LAS INSTALACIONES DE LAS OFICINAS DE PRESIDENCIA DEL MUNICIPIO,APANGO,S/N,,,CENTRO,ZOCALO,,GUERRERO,MÁRTIR DE CUILAPAN,7,5,5,5,
1979,12090,,,,,,,,,,,,,,,,,,
1980,12092,,,,,,,,,,,,,,,,,,
1981,12053,,,,,,,,,,,,,,,,,,
1982,12055,,,,,,,,,,,,,,,,,,
1984,12102,,,,,,,,,,,,,,,,,,
1986,12107,,,,,,,,,,,,,,,,,,
1987,12110,,,,,,,,,,,,,,,,,,
1988,12112,,,,,,,,,,,,,,,,,,
1989,12114,,,,,,,,,,,,,,,,,,
1990,12116,,,,,,,,,,,,,,,,,,
1991,12120,,,,,,,,,,,,,,,,,,
1992,12142,,,,,,,,,,,,,,,,,,
1994,12152,,,,,,,,,,,,,,,,,,
1995,12154,,,,,,,,,,,,,,,,,,
1996,12157,,,,,,,,,,,,,,,,,,
1997,12160,,,,,,,,,,,,,,,,,,
1998,12182,,,,,,,,,,,,,,,,,,
1999,12184,,,,EDIFICIO DE LA PRESIDENCIA MUNICIPAL UBICADO EN LA PLAZA O PARQUE CENTRAL DE LA CIUDAD DE TUXTLA GUETIERREZ CHIAPAS,,,,,2a norte,central,3a norte,,,,,3,5,3
2000,12186,,,,,,,,,,,,,,,,,,
2001,12095,Angel Garcia Aburto,83180,Olivares,Bodega color café,Hermosillo,406,,,Domingo Olivares,Angel Arreola,Roberto Romero,SONORA,HERMOSILLO,7,5,5,5,3
2002,12098,,,,,,,,,,,,,,,,,,
2003,12121,,,,,,,,,,,,,,,,,,
2005,12126,,,,,,,,,,,,,,,,,,
2006,12130,,,,,,,,,,,,,,,,,,
2007,12134,,,,,,,,,,,,,,,,,,
2008,12136,,,,"EL PRESENTE PROYECTO SUSTITUYE AL PROYECTO FPYME-130703-C1-4-1610 DEBIDO A QUE LE HIZO FALTA EL OFICIO DE APORTACIÓN ESTATAL, DEJANDO SIN EFECTO EL PROYECTO DE DICHO FOLIO.  
Se ejecutara en los 32 municipios mexiquenses considerados en la cruzada contra el hambre (Acambay, Almoloya de Juárez, Atizapán de Zaragoza, Chalco, Chimalhuacán, Ecatepec de Morelos, Ixtapaluca, Ixtapan del Oro, Ixtlahuaca, Jiquipilco, Naucalpan de Juárez, Nezahualcóyotl, Nicolás Romero, La Paz, San Felipe del Progreso, Sultepec, Tecámac, Tejupilco, Temascalcingo, Temoaya, Tenancingo, Texcoco, Tlalnepantla de Baz, Toluca, Tultitlán, Villa Victoria, Zinacantepec, Zumpahuacán, Cuautitlán Izcalli, Valle de Chalco Solidaridad, Luvianos, San José del Rincón) 32 grupos de 30 personas cada uno.",,,,,,,,,,,,,,
2009,12139,,,,"EL PRESENTE PROYECTO SUSTITUYE AL PROYECTO FPYME-130703-C1-4-1613 DEBIDO A QUE LE HIZO FALTA EL OFICIO DE APORTACIÓN ESTATAL, DEJANDO SIN EFECTO EL PROYECTO DE DICHO FOLIO.
Los 24 Módulos de Acuaponia se instalarán en los municipios de Toluca, San Felipe del Progreso, Naucalpan de Juarez, Ixtlahuaca, San Jose del Rincon, Ixtapaluca, Valle de Chalco Solidaridad, Tlalnepantla de Baz, Nicolas Romero, Chalco, Zinacantepec, Villa Victoria, Texcoco, Tejupilco, Atizapan de Zaragoza, Temoaya, Almoloya de Juarez, Tecamac, Temascalcingo ,Cuautitlan Izcalli, Jiquipilco, Tenancingo, Sultepec, Zumpahuacan",,,,,,,,,,,,,,
2011,12163,,,,,,,,,,,,,,,,,,
2012,12165,,,,,,,,,,,,,,,,,,
2013,12168,,,,,,,,,,,,,,,,,,
2014,12170,,,,,,,,,,,,,,,,,,
2015,12173,,,,,,,,,,,,,,,,,,
2016,12176,MIGUEL ALVAREZ ACOSTA,79900,CENTRO,UBICADO EN EL CENTRO,XILITLA,111,,,ESCOBEDO,ESCONTRIA,CARRANZA,SAN LUIS POTOSI,XILITLA,7,5,5,5,5
2018,12221,GUILLERMO PRIETO SUR,81200,COLONIA CENTRO,CALLE GUILLERMO PRIETO #728 SUR COL. CENTRO.,LOS MOCHIS,728,,,CUAHUTEMOC,MARCIALL ORDOÑ,IGNACIO ZARAGOZA,SINALOA,AHOME,5,5,5,5,5
2019,12224,misioneros,31203,Parques de San Felipe,"Estamos a espaldas de la avenida universidad a la altura de la cuidad deportiva, a la altura de la facultad de dercho",CHIHUAHUA,2760,,,Universidad,Pascual Orozco,Fernando de Borja,CHIHUAHUA,CHIHUAHUA,7,5,3,3,5
2021,12188,,,,,,,,,,,,,,,,,,
2022,12190,,,,,,,,,,,,,,,,,,
2023,12192,,,,,,,,,,,,,,,,,,
2024,12194,,,,,,,,,,,,,,,,,,
2025,12196,,,,,,,,,,,,,,,,,,
2026,12198,,,,,,,,,,,,,,,,,,
2027,12200,,,,"EL PRESENTE PROYECTO SUSTITUYE AL PROYECTO FPYME-130703-C1-4-1614 DEBIDO A QUE LE HIZO FALTA EL OFICIO DE APORTACIÓN ESTATAL, DEJANDO SIN EFECTO EL PROYECTO DE DICHO FOLIO.  
El proyecto tendrá lugar en los 32 municipios mexiquenses considerados en la cruzada contra el Hambre (Acambay, Almoloya de Juárez, Atizapán de Zaragoza, Chalco, Chimalhuacán, Ecatepec de Morelos, Ixtapaluca, Ixtapan del Oro, Ixtlahuaca, Jiquipilco, Naucalpan de Juárez, Nezahualcóyotl, Nicolás Romero, La Paz, San Felipe del Progreso, Sultepec, Tecámac, Tejupilco, Temascalcingo, Temoaya, Tenancingo, Texcoco, Tlalnepantla de Baz, Toluca, Tultitlán, Villa Victoria, Zinacantepec, Zumpahuacán, Cuautitlán Izcalli, Valle de Chalco Solidaridad, Luvianos, San José del Rincón)",,,,,,,,,,,,,,
2031,12210,,,,"El proyecto contempla trabajar principalmente en 2 municipios del estado de Nayarit: Santiago Ixcuintla y Del Nayar
Se capacitará y equipará a 40 familias total ubicadas en 4 localidades del municipio Del Nayar para cultivar variedades de moringa, amaranto y frutas como productos de consumo, intercambio y venta para la producción del suplemento alimenticio “Takum”. Dichas comunidades son:
-	Mesa del Nayar
-	Arroyo del Cañaveral
-	Jesús María
-	Rancho Viejo
Adicional a lo anterior se trabajará en el desarrollo comercial y productivo de la empresa Resurrexit, SRP quien elabora los productos finales para los cuales la población beneficiaria cultivará los ingredientes agrícolas.",,,,,,,,,,,,,,
2032,12212,,,,,,,,,,,,,,,,,,
2033,12214,,,,,,,,,,,,,,,,,,
2034,12216,SIN NOMBRE,68407,SAN JOSE INDEPENDENCIA,EL DOMICILIO SE ENCUENTRA EN EL CENTRO DE LA POBLACION A 300 METROS DE LA ESCUELA PRIMARIA MIGUEL HIDALGO,SAN JOSE INDEPENDENCIA,SIN NOMBRE,SN,SN,SIN NOMBRE,SIN NOMBRE,SIN NOMBRE,OAXACA,SAN JOSÉ INDEPENDENCIA,22,5,5,5,5
2035,12219,,,,,,,,,,,,,,,,,,
2036,12281,,,,,,,,,,,,,,,,,,
2038,12285,,,,,,,,,,,,,,,,,,
2039,12287,Paseo de Zihuatanejo Poniente,40880,ZIHUATANEJO,H. AYUNTAMIENTO MUNICIPAL.,ZIHUATANEJO,21,,,,,,GUERRERO,ZIHUATANEJO DE AZUETA,5,3,,,
2041,12228,,,,Deshidratadora Norma,,,,,,,,,,,,,,
2042,12230,,,,,,,,,,,,,,,,,,
2043,12232,,,,"EL PRESENTE PROYECTO SUSTITUYE AL PROYECTO FPYME-130703-C1-4-1616 DEBIDO A QUE LE HIZO FALTA OFICIO DE LA APORTACIÓN ESTATAL, DEJANDO SIN EFECTO EL PROYECTO DE DICHO FOLIO.
El proyecto se realizarán en 8 municipios mexiquenses considerados en la cruzada nacional contra el hambre (Ixtlahuaca, Jiquipilco, Luvianos, San Felipe del progreso, Sultepec, Toluca, Villa Victoria, Zinacantepec.)
",,,,,,,,,,,,,,
2045,12236,,,,,,,,,,,,,,,,,,
2046,12238,,,,,,,,,,,,,,,,,,
2048,12242,,,,,,,,,,,,,,,,,,
2049,12244,ALVARO OBREGON,80000,CENTRO,AV. ALVARO OBREGON Y M. ESCOBEDO S/N COL. CENTRO,CULIACAN,S/N,,,MARIANO ESCOBEDO,BENITO JUAREZ,RUPERTO L. PALIZA,SINALOA,CULIACÁN,7,3,5,5,5
2051,12250,,,,Capacitación en tecnologías administrativas y de la información para la generación de empleos,,,,,,,,,,,,,,
2052,12253,,,,,,,,,,,,,,,,,,
2053,12255,,,,,,,,,,,,,,,,,,
2054,12257,,,,,,,,,,,,,,,,,,
2055,12259,PRIMERO DE MAYO,80230,ANTONIO ROSALES,CALLE PRIMERO DE MAYO NO. 840 COL. ANTONIO ROSALES C.P. 80230,CULIACAN,840,,,15 DE MAYO,5 DE MAYO,24 DE JUNIO,SINALOA,CULIACÁN,7,5,5,5,5
2056,12263,,,,,,,,,,,,,,,,,,
2057,12266,VENUSTIANO CARRANZA,76240,CENTRO,"PRESIDENCIA MUNICIPAL, FRENTE A LA PARROQUIA DE SAN PEDRO",LA CAÑADA,2,,,EMILIANO ZAPATA,EL MARQUES,NIÑOS HÉROES,QUERETARO,EL MARQUÉS,7,5,5,2,2
2060,12273,,,,,,,,,,,,,,,,,,
2063,12296,,,,,,,,,,,,,,,,,,
2065,12300,PALACIO MUNICIPAL,29950,CENTRO,Desarrollo Integral de Empresas Turísticas en Ocosingo Chiapas.,OCOSINGO,S/N,,,DOMICILIO CONOCIDO,DOMICILIO CONOCIDO,OCOSINGO-SAN CRISTOBAL DE LAS CASAS,CHIAPAS,OCOSINGO,7,5,5,5,9
2069,12310,,,,,,,,,,,,,,,,,,
2070,12312,,,,,,,,,,,,,,,,,,
2075,12322,,,,,,,,,,,,,,,,,,
2076,12324,,,,,,,,,,,,,,,,,,
2077,12326,OTILIO MONTAÑO,62320,ANTONIO BARONA,TE VAS POR LA AV. SANDIEGO HASTA LLEGAR A LA COLONIA ANTONIO BARONA Y POR LA PRINCIPAL PASAS DOS GLORIETAS Y DOS INTERSECCIONES Y DEL LADO DERECHO ESTÁ EL CDC.,,44,,,INSURGENTES,BENITO JUAREZ,18 DE SEPTIEMBRE,MORELOS,CUERNAVACA,7,5,5,5,5
2078,12328,,,,,,,,,,,,,,,,,,
2081,12275,,,,,,,,,,,,,,,,,,
2083,12279,,,,,,,,,,,,,,,,,,
2084,12341,,,,,,,,,,,,,,,,,,
2085,12343,PLAZA PRINCIPAL,43440,CENTRO,SE ENCUENTRA ENTRE LAS CALLES DE LADO IZQUIERDO CALLE FELIPE ÁNGELES ENFRENTE CON EL PARQUE Y CANCHA DE BÁSQUETBOL Y CALLE BENITO JUÁREZ A LA DERECHA CALLE CUAUHTÉMOC EN LA COLONIA CENTRO.,,S/N,,,FELIPE ANGELES ,BENITO JUAREZ,CUAHUTEMOC,HIDALGO,SAN BARTOLO TUTOTEPEC,22,5,5,5,5
2086,12345,,,,,,,,,,,,,,,,,,
2088,12349,,,,PROYECTO DE REACTIVACIÓN ECONÓMICA A MICROEMPRESAS DE MATAMOROS 80-20,,,,,,,,,,,,,,
2089,12351,,,,,,,,,,,,,,,,,,
2090,12353,,,,,,,,,,,,,,,,,,
2093,12359,,,,,,,,,,,,,,,,,,
2094,12381,Paseo de Zihuatanejo Poniente,40880,ZIHUATANEJO,"Localidad de Vallecitos de Zaragoza, perteneciente Municipio de Zihuatanejo de Azueta, Guerrero, esta comunidad se encuentra localizada en la parte Norte de la sierra de Zihuatanejo.",ZIHUATANEJO,21,,,,,,GUERRERO,ZIHUATANEJO DE AZUETA,5,3,,,
2097,12387,,,,,,,,,,,,,,,,,,
2101,12334,,,,,,,,,,,,,,,,,,
2103,12338,,,,,,,,,,,,,,,,,,
2106,12364,,,,,,,,,,,,,,,,,,
2108,12368,,,,,,,,,,,,,,,8,,,
2109,12370,,,,,,,,,,,,,,,,,,
